"muestra","condicion","tiempo_crecimiento","temperatura_crecimiento","cfu_total","canister_posicion"
"GLDS-145_rna-seq_FLT-SA-B2-RNA_S8","spaceflight","48","20-30 ","1.05E+10","B2"
"GLDS-145_rna-seq_FLT-SA-B2-RNA_S8","spaceflight","48","20-30 ","1.07E+09","B2"
"GLDS-145_rna-seq_FLT-SA-B3-RNA_S6","spaceflight","48","20-30 ","1.28E+10","B3"
"GLDS-145_rna-seq_FLT-SA-B3-RNA_S6","spaceflight","48","20-30 ","1.29E+09","B3"
"GLDS-145_rna-seq_FLT-SA-B4-RNA_S9","spaceflight","48","20-30 ","7.53E+09","B4"
"GLDS-145_rna-seq_FLT-SA-B4-RNA_S9","spaceflight","48","20-30 ","2.92E+09","B4"
"GLDS-145_rna-seq_FLT-SA-B5-RNA_S2","spaceflight","48","20-30 ","1.08E+10","B5"
"GLDS-145_rna-seq_FLT-SA-B5-RNA_S2","spaceflight","48","20-30 ","1.57E+09","B5"
"GLDS-145_rna-seq_FLT-SA-D1-RNA_S4","spaceflight","48","20-30 ","1.06E+10","D1"
"GLDS-145_rna-seq_FLT-SA-D2-RNA_S5","spaceflight","48","20-30 ","1.27E+10","D2"
"GLDS-145_rna-seq_FLT-SA-D3-RNA_S3","spaceflight","48","20-30 ","1.29E+10","D3"
"GLDS-145_rna-seq_FLT-SA-D4-RNA_S7","spaceflight","48","20-30 ","1.22E+10","D4"
"GLDS-145_rna-seq_FLT-SA-D5-RNA_S1","spaceflight","48","20-30 ","1.36E+10","D5"
"GLDS-145_rna-seq_GC2-SA-A1-RNA_S10_L001_R1_001","ground","48","20-30 ","2.10E+09","A1"
"GLDS-145_rna-seq_GC2-SA-A2-RNA_S13_L001_R1_001","ground","48","20-30 ","Not available","A2"
"GLDS-145_rna-seq_GC2-SA-A3-RNA_S16_L001_R1_001","ground","48","20-30 ","1.17E+09","A3"
"GLDS-145_rna-seq_GC2-SA-A4-RNA_S14_L001_R1_001","ground","48","20-30 ","1.27E+09","A4"
"GLDS-145_rna-seq_GC2-SA-B1-RNA_S17_L001_R1_001","ground","48","20-30 ","1.93E+09","B1"
"GLDS-145_rna-seq_GC2-SA-B2-RNA_S11_L001_R1_001","ground","48","20-30 ","1.05E+10","B2"
"GLDS-145_rna-seq_GC2-SA-B2-RNA_S11_L001_R1_001","ground","48","20-30 ","1.07E+09","B2"
"GLDS-145_rna-seq_GC2-SA-B3-RNA_S12_L001_R1_001","ground","48","20-30 ","1.28E+10","B3"
"GLDS-145_rna-seq_GC2-SA-B3-RNA_S12_L001_R1_001","ground","48","20-30 ","1.29E+09","B3"
"GLDS-145_rna-seq_GC2-SA-B4-RNA_S18_L001_R1_001","ground","48","20-30 ","7.53E+09","B4"
"GLDS-145_rna-seq_GC2-SA-B4-RNA_S18_L001_R1_001","ground","48","20-30 ","2.92E+09","B4"
"GLDS-145_rna-seq_GC2-SA-B5-RNA_S15_L001_R1_001","ground","48","20-30 ","1.08E+10","B5"
"GLDS-145_rna-seq_GC2-SA-B5-RNA_S15_L001_R1_001","ground","48","20-30 ","1.57E+09","B5"
